{ "artists" : { "@attr" : { "page" : "1",
          "perPage" : "20",
          "total" : "1000",
          "totalPages" : "50"
        },
      "artist" : [ { "image" : [ { "url" : "http://userserve-ak.last.fm/serve/34/97790751.png",
                  "size" : "small"
                },
                { "url" : "http://userserve-ak.last.fm/serve/64/97790751.png",
                  "size" : "medium"
                },
                { "url" : "http://userserve-ak.last.fm/serve/126/97790751.png",
                  "size" : "large"
                },
                { "url" : "http://userserve-ak.last.fm/serve/252/97790751.png",
                  "size" : "extralarge"
                },
                { "url" : "http://userserve-ak.last.fm/serve/_/97790751/Coldplay+Ghost+Stories+Era++PNG.png",
                  "size" : "mega"
                }
              ],
            "listeners" : "75561",
            "mbid" : "cc197bad-dc9c-440d-a5b5-d52ba2e14234",
            "namework" : "Coldplay",
            "playcount" : "352322",
            "streamable" : "0",
            "url" : "http://www.last.fm/music/Coldplay"
          },
          { "image" : [ { "url" : "http://userserve-ak.last.fm/serve/34/97943213.png",
                  "size" : "small"
                },
                { "url" : "http://userserve-ak.last.fm/serve/64/97943213.png",
                  "size" : "medium"
                },
                { "url" : "http://userserve-ak.last.fm/serve/126/97943213.png",
                  "size" : "large"
                },
                { "url" : "http://userserve-ak.last.fm/serve/252/97943213.png",
                  "size" : "extralarge"
                },
                { "url" : "http://userserve-ak.last.fm/serve/500/97943213/Ed+Sheeran+PNG+version.png",
                  "size" : "mega"
                }
              ],
            "listeners" : "71979",
            "mbid" : "b8a7c51f-362c-4dcb-a259-bc6e0095f0a6",
            "namework" : "Ed Sheeran",
            "playcount" : "363727",
            "streamable" : "0",
            "url" : "http://www.last.fm/music/Ed+Sheeran"
          },
          { "image" : [ { "url" : "http://userserve-ak.last.fm/serve/34/94093653.png",
                  "size" : "small"
                },
                { "url" : "http://userserve-ak.last.fm/serve/64/94093653.png",
                  "size" : "medium"
                },
                { "url" : "http://userserve-ak.last.fm/serve/126/94093653.png",
                  "size" : "large"
                },
                { "url" : "http://userserve-ak.last.fm/serve/252/94093653.png",
                  "size" : "extralarge"
                },
                { "url" : "http://userserve-ak.last.fm/serve/500/94093653/Arctic+Monkeys+Austin+City+Limits+Fest+2013.png",
                  "size" : "mega"
                }
              ],
            "listeners" : "69967",
            "mbid" : "ada7a83c-e3e1-40f1-93f9-3e73dbc9298a",
            "namework" : "Arctic Monkeys",
            "playcount" : "504750",
            "streamable" : "0",
            "url" : "http://www.last.fm/music/Arctic+Monkeys"
          },
          { "image" : [ { "url" : "http://userserve-ak.last.fm/serve/34/103313821.png",
                  "size" : "small"
                },
                { "url" : "http://userserve-ak.last.fm/serve/64/103313821.png",
                  "size" : "medium"
                },
                { "url" : "http://userserve-ak.last.fm/serve/126/103313821.png",
                  "size" : "large"
                },
                { "url" : "http://userserve-ak.last.fm/serve/252/103313821.png",
                  "size" : "extralarge"
                },
                { "url" : "http://userserve-ak.last.fm/serve/500/103313821/Rihanna+PNG.png",
                  "size" : "mega"
                }
              ],
            "listeners" : "66569",
            "mbid" : "69989475-2971-49aa-8c53-5d74af88b8be",
            "namework" : "Rihanna",
            "playcount" : "274562",
            "streamable" : "0",
            "url" : "http://www.last.fm/music/Rihanna"
          },
          { "image" : [ { "url" : "http://userserve-ak.last.fm/serve/34/54701565.png",
                  "size" : "small"
                },
                { "url" : "http://userserve-ak.last.fm/serve/64/54701565.png",
                  "size" : "medium"
                },
                { "url" : "http://userserve-ak.last.fm/serve/126/54701565.png",
                  "size" : "large"
                },
                { "url" : "http://userserve-ak.last.fm/serve/252/54701565.png",
                  "size" : "extralarge"
                },
                { "url" : "http://userserve-ak.last.fm/serve/500/54701565/Ellie+Goulding+ellie++png.png",
                  "size" : "mega"
                }
              ],
            "listeners" : "66357",
            "mbid" : "33ca19f4-18c8-4411-98df-ac23890ce9f5",
            "namework" : "Ellie Goulding",
            "playcount" : "258415",
            "streamable" : "0",
            "url" : "http://www.last.fm/music/Ellie+Goulding"
          },
          { "image" : [ { "url" : "http://userserve-ak.last.fm/serve/34/49361049.png",
                  "size" : "small"
                },
                { "url" : "http://userserve-ak.last.fm/serve/64/49361049.png",
                  "size" : "medium"
                },
                { "url" : "http://userserve-ak.last.fm/serve/126/49361049.png",
                  "size" : "large"
                },
                { "url" : "http://userserve-ak.last.fm/serve/252/49361049.png",
                  "size" : "extralarge"
                },
                { "url" : "http://userserve-ak.last.fm/serve/_/49361049/Sia++09.png",
                  "size" : "mega"
                }
              ],
            "listeners" : "66341",
            "mbid" : "2f548675-008d-4332-876c-108b0c7ab9c5",
            "namework" : "Sia",
            "playcount" : "287443",
            "streamable" : "0",
            "url" : "http://www.last.fm/music/Sia"
          },
          { "image" : [ { "url" : "http://userserve-ak.last.fm/serve/34/89687701.jpg",
                  "size" : "small"
                },
                { "url" : "http://userserve-ak.last.fm/serve/64/89687701.jpg",
                  "size" : "medium"
                },
                { "url" : "http://userserve-ak.last.fm/serve/126/89687701.jpg",
                  "size" : "large"
                },
                { "url" : "http://userserve-ak.last.fm/serve/252/89687701.jpg",
                  "size" : "extralarge"
                },
                { "url" : "http://userserve-ak.last.fm/serve/500/89687701/Maroon+5+Hi+Res+Secondary+Image.jpg",
                  "size" : "mega"
                }
              ],
            "listeners" : "65788",
            "mbid" : "0ab49580-c84f-44d4-875f-d83760ea2cfe",
            "namework" : "Maroon 5",
            "playcount" : "284245",
            "streamable" : "0",
            "url" : "http://www.last.fm/music/Maroon+5"
          },
          { "image" : [ { "url" : "http://userserve-ak.last.fm/serve/34/67734192.png",
                  "size" : "small"
                },
                { "url" : "http://userserve-ak.last.fm/serve/64/67734192.png",
                  "size" : "medium"
                },
                { "url" : "http://userserve-ak.last.fm/serve/126/67734192.png",
                  "size" : "large"
                },
                { "url" : "http://userserve-ak.last.fm/serve/252/67734192.png",
                  "size" : "extralarge"
                },
                { "url" : "http://userserve-ak.last.fm/serve/500/67734192/Kanye+West+kanyewest7.png",
                  "size" : "mega"
                }
              ],
            "listeners" : "65210",
            "mbid" : "164f0d73-1234-4e2c-8743-d77bf2191051",
            "namework" : "Kanye West",
            "playcount" : "427951",
            "streamable" : "0",
            "url" : "http://www.last.fm/music/Kanye+West"
          },
          { "image" : [ { "url" : "http://userserve-ak.last.fm/serve/34/317976.jpg",
                  "size" : "small"
                },
                { "url" : "http://userserve-ak.last.fm/serve/64/317976.jpg",
                  "size" : "medium"
                },
                { "url" : "http://userserve-ak.last.fm/serve/126/317976.jpg",
                  "size" : "large"
                },
                { "url" : "http://userserve-ak.last.fm/serve/252/317976.jpg",
                  "size" : "extralarge"
                },
                { "url" : "http://userserve-ak.last.fm/serve/_/317976/Radiohead.jpg",
                  "size" : "mega"
                }
              ],
            "listeners" : "63842",
            "mbid" : "a74b1b7f-71a5-4011-9441-d0b5e4122711",
            "namework" : "Radiohead",
            "playcount" : "407762",
            "streamable" : "0",
            "url" : "http://www.last.fm/music/Radiohead"
          },
          { "image" : [ { "url" : "http://userserve-ak.last.fm/serve/34/98940141.png",
                  "size" : "small"
                },
                { "url" : "http://userserve-ak.last.fm/serve/64/98940141.png",
                  "size" : "medium"
                },
                { "url" : "http://userserve-ak.last.fm/serve/126/98940141.png",
                  "size" : "large"
                },
                { "url" : "http://userserve-ak.last.fm/serve/252/98940141.png",
                  "size" : "extralarge"
                },
                { "url" : "http://userserve-ak.last.fm/serve/500/98940141/Hozier.png",
                  "size" : "mega"
                }
              ],
            "listeners" : "62437",
            "mbid" : "b4691384-50c3-4afd-9988-51d3ec5db65d",
            "namework" : "Hozier",
            "playcount" : "270907",
            "streamable" : "0",
            "url" : "http://www.last.fm/music/Hozier"
          },
          { "image" : [ { "url" : "http://userserve-ak.last.fm/serve/34/94561931.png",
                  "size" : "small"
                },
                { "url" : "http://userserve-ak.last.fm/serve/64/94561931.png",
                  "size" : "medium"
                },
                { "url" : "http://userserve-ak.last.fm/serve/126/94561931.png",
                  "size" : "large"
                },
                { "url" : "http://userserve-ak.last.fm/serve/252/94561931.png",
                  "size" : "extralarge"
                },
                { "url" : "http://userserve-ak.last.fm/serve/_/94561931/Imagine+Dragons+By+Maciej+Kucia+for+GQ+Japan.png",
                  "size" : "mega"
                }
              ],
            "listeners" : "62395",
            "mbid" : "012151a8-0f9a-44c9-997f-ebd68b5389f9",
            "namework" : "Imagine Dragons",
            "playcount" : "390600",
            "streamable" : "0",
            "url" : "http://www.last.fm/music/Imagine+Dragons"
          },
          { "image" : [ { "url" : "http://userserve-ak.last.fm/serve/34/98789513.png",
                  "size" : "small"
                },
                { "url" : "http://userserve-ak.last.fm/serve/64/98789513.png",
                  "size" : "medium"
                },
                { "url" : "http://userserve-ak.last.fm/serve/126/98789513.png",
                  "size" : "large"
                },
                { "url" : "http://userserve-ak.last.fm/serve/252/98789513.png",
                  "size" : "extralarge"
                },
                { "url" : "http://userserve-ak.last.fm/serve/_/98789513/Lana+Del+Rey+ULTRAVIOLENCE++PNG.png",
                  "size" : "mega"
                }
              ],
            "listeners" : "59741",
            "mbid" : "b7539c32-53e7-4908-bda3-81449c367da6",
            "namework" : "Lana Del Rey",
            "playcount" : "412334",
            "streamable" : "0",
            "url" : "http://www.last.fm/music/Lana+Del+Rey"
          },
          { "image" : [ { "url" : "http://userserve-ak.last.fm/serve/34/97578379.png",
                  "size" : "small"
                },
                { "url" : "http://userserve-ak.last.fm/serve/64/97578379.png",
                  "size" : "medium"
                },
                { "url" : "http://userserve-ak.last.fm/serve/126/97578379.png",
                  "size" : "large"
                },
                { "url" : "http://userserve-ak.last.fm/serve/252/97578379.png",
                  "size" : "extralarge"
                },
                { "url" : "http://userserve-ak.last.fm/serve/500/97578379/Calvin+Harris.png",
                  "size" : "mega"
                }
              ],
            "listeners" : "58690",
            "mbid" : "8dd98bdc-80ec-4e93-8509-2f46bafc09a7",
            "namework" : "Calvin Harris",
            "playcount" : "203762",
            "streamable" : "0",
            "url" : "http://www.last.fm/music/Calvin+Harris"
          },
          { "image" : [ { "url" : "http://userserve-ak.last.fm/serve/34/103539941.png",
                  "size" : "small"
                },
                { "url" : "http://userserve-ak.last.fm/serve/64/103539941.png",
                  "size" : "medium"
                },
                { "url" : "http://userserve-ak.last.fm/serve/126/103539941.png",
                  "size" : "large"
                },
                { "url" : "http://userserve-ak.last.fm/serve/252/103539941.png",
                  "size" : "extralarge"
                },
                { "url" : "http://userserve-ak.last.fm/serve/_/103539941/Beyonc+Party+Roc+Nation.png",
                  "size" : "mega"
                }
              ],
            "listeners" : "54573",
            "mbid" : "183105b5-3e68-4748-9086-2c1c11bf7a3d",
            "namework" : "Beyoncé",
            "playcount" : "295014",
            "streamable" : "0",
            "url" : "http://www.last.fm/music/Beyonc%C3%A9"
          },
          { "image" : [ { "url" : "http://userserve-ak.last.fm/serve/34/10923145.png",
                  "size" : "small"
                },
                { "url" : "http://userserve-ak.last.fm/serve/64/10923145.png",
                  "size" : "medium"
                },
                { "url" : "http://userserve-ak.last.fm/serve/126/10923145.png",
                  "size" : "large"
                },
                { "url" : "http://userserve-ak.last.fm/serve/252/10923145.png",
                  "size" : "extralarge"
                },
                { "url" : "http://userserve-ak.last.fm/serve/500/10923145/Daft+Punk+6a00e398210d13883300e55ui6.png",
                  "size" : "mega"
                }
              ],
            "listeners" : "54396",
            "mbid" : "056e4f3e-d505-4dad-8ec1-d04f521cbb56",
            "namework" : "Daft Punk",
            "playcount" : "230711",
            "streamable" : "0",
            "url" : "http://www.last.fm/music/Daft+Punk"
          },
          { "image" : [ { "url" : "http://userserve-ak.last.fm/serve/34/98803879.png",
                  "size" : "small"
                },
                { "url" : "http://userserve-ak.last.fm/serve/64/98803879.png",
                  "size" : "medium"
                },
                { "url" : "http://userserve-ak.last.fm/serve/126/98803879.png",
                  "size" : "large"
                },
                { "url" : "http://userserve-ak.last.fm/serve/252/98803879.png",
                  "size" : "extralarge"
                },
                { "url" : "http://userserve-ak.last.fm/serve/500/98803879/Drake+Worst+Behavior.png",
                  "size" : "mega"
                }
              ],
            "listeners" : "53005",
            "mbid" : "7cf5af7a-afa0-4dca-9473-a13508c64e9d",
            "namework" : "Drake",
            "playcount" : "538425",
            "streamable" : "0",
            "url" : "http://www.last.fm/music/Drake"
          },
          { "image" : [ { "url" : "http://userserve-ak.last.fm/serve/34/103426675.png",
                  "size" : "small"
                },
                { "url" : "http://userserve-ak.last.fm/serve/64/103426675.png",
                  "size" : "medium"
                },
                { "url" : "http://userserve-ak.last.fm/serve/126/103426675.png",
                  "size" : "large"
                },
                { "url" : "http://userserve-ak.last.fm/serve/252/103426675.png",
                  "size" : "extralarge"
                },
                { "url" : "http://userserve-ak.last.fm/serve/_/103426675/Florence++the+Machine+How+Big+How+Blue+How+Beautiful.png",
                  "size" : "mega"
                }
              ],
            "listeners" : "52939",
            "mbid" : "227b39fc-23f6-40f5-b8a1-75100d5baad4",
            "namework" : "Florence + the Machine",
            "playcount" : "254612",
            "streamable" : "0",
            "url" : "http://www.last.fm/music/Florence+%252B+the+Machine"
          },
          { "image" : [ { "url" : "http://userserve-ak.last.fm/serve/34/102203801.png",
                  "size" : "small"
                },
                { "url" : "http://userserve-ak.last.fm/serve/64/102203801.png",
                  "size" : "medium"
                },
                { "url" : "http://userserve-ak.last.fm/serve/126/102203801.png",
                  "size" : "large"
                },
                { "url" : "http://userserve-ak.last.fm/serve/252/102203801.png",
                  "size" : "extralarge"
                },
                { "url" : "http://userserve-ak.last.fm/serve/500/102203801/Mark+Ronson+PNG.png",
                  "size" : "mega"
                }
              ],
            "listeners" : "52659",
            "mbid" : "2675b710-5bbb-48ba-a22a-41ff313fbdc3",
            "namework" : "Mark Ronson",
            "playcount" : "137294",
            "streamable" : "0",
            "url" : "http://www.last.fm/music/Mark+Ronson"
          },
          { "image" : [ { "url" : "http://userserve-ak.last.fm/serve/34/103278025.png",
                  "size" : "small"
                },
                { "url" : "http://userserve-ak.last.fm/serve/64/103278025.png",
                  "size" : "medium"
                },
                { "url" : "http://userserve-ak.last.fm/serve/126/103278025.png",
                  "size" : "large"
                },
                { "url" : "http://userserve-ak.last.fm/serve/252/103278025.png",
                  "size" : "extralarge"
                },
                { "url" : "http://userserve-ak.last.fm/serve/500/103278025/Sam+Smith+PNG.png",
                  "size" : "mega"
                }
              ],
            "listeners" : "51463",
            "mbid" : "5a85c140-dcf9-4dd2-b2c8-aff0471549f3",
            "namework" : "Sam Smith",
            "playcount" : "228215",
            "streamable" : "0",
            "url" : "http://www.last.fm/music/Sam+Smith"
          },
          { "image" : [ { "url" : "http://userserve-ak.last.fm/serve/34/131207.jpg",
                  "size" : "small"
                },
                { "url" : "http://userserve-ak.last.fm/serve/64/131207.jpg",
                  "size" : "medium"
                },
                { "url" : "http://userserve-ak.last.fm/serve/126/131207.jpg",
                  "size" : "large"
                },
                { "url" : "http://userserve-ak.last.fm/serve/252/131207.jpg",
                  "size" : "extralarge"
                },
                { "url" : "http://userserve-ak.last.fm/serve/500/131207/Red+Hot+Chili+Peppers.jpg",
                  "size" : "mega"
                }
              ],
            "listeners" : "50470",
            "mbid" : "8bfac288-ccc5-448d-9573-c33ea2aa5c30",
            "namework" : "Red Hot Chili Peppers",
            "playcount" : "252862",
            "streamable" : "0",
            "url" : "http://www.last.fm/music/Red+Hot+Chili+Peppers"
          }
        ]
    } }
