{ "tracks" : { "@attr" : { "page" : "1",
          "perPage" : "20",
          "total" : "1000",
          "totalPages" : "50"
        },
      "track" : [ { "artist" : { "mbid" : "b4691384-50c3-4afd-9988-51d3ec5db65d",
                "namework" : "Hozier",
                "url" : "http://www.last.fm/music/Hozier"
              },
            "duration" : "241",
            "image" : [ { "url" : "http://userserve-ak.last.fm/serve/34s/102781243.png",
                  "size" : "small"
                },
                { "url" : "http://userserve-ak.last.fm/serve/64s/102781243.png",
                  "size" : "medium"
                },
                { "url" : "http://userserve-ak.last.fm/serve/126/102781243.png",
                  "size" : "large"
                },
                { "url" : "http://userserve-ak.last.fm/serve/300x300/102781243.png",
                  "size" : "extralarge"
                }
              ],
            "listeners" : "44762",
            "mbid" : "154a4e2a-12fa-44c3-a918-7f090fa025b6",
            "namework" : "Take Me to Church",
            "playcount" : "104332",
            "streamable" : { "url" : "0",
                "fulltrack" : "0"
              },
            "url" : "http://www.last.fm/music/Hozier/_/Take+Me+to+Church"
          },
          { "artist" : { "mbid" : "2675b710-5bbb-48ba-a22a-41ff313fbdc3",
                "namework" : "Mark Ronson",
                "url" : "http://www.last.fm/music/Mark+Ronson"
              },
            "duration" : "180",
            "listeners" : "38467",
            "mbid" : "",
            "namework" : "Uptown Funk",
            "playcount" : "76237",
            "streamable" : { "url" : "0",
                "fulltrack" : "0"
              },
            "url" : "http://www.last.fm/music/Mark+Ronson/_/Uptown+Funk"
          },
          { "artist" : { "mbid" : "b8a7c51f-362c-4dcb-a259-bc6e0095f0a6",
                "namework" : "Ed Sheeran",
                "url" : "http://www.last.fm/music/Ed+Sheeran"
              },
            "duration" : "280",
            "image" : [ { "url" : "http://userserve-ak.last.fm/serve/34s/99535299.png",
                  "size" : "small"
                },
                { "url" : "http://userserve-ak.last.fm/serve/64s/99535299.png",
                  "size" : "medium"
                },
                { "url" : "http://userserve-ak.last.fm/serve/126/99535299.png",
                  "size" : "large"
                },
                { "url" : "http://userserve-ak.last.fm/serve/300x300/99535299.png",
                  "size" : "extralarge"
                }
              ],
            "listeners" : "33235",
            "mbid" : "cb2cc207-8125-445c-9ef9-6ea44eee959a",
            "namework" : "Thinking Out Loud",
            "playcount" : "71360",
            "streamable" : { "url" : "0",
                "fulltrack" : "0"
              },
            "url" : "http://www.last.fm/music/Ed+Sheeran/_/Thinking+Out+Loud"
          },
          { "artist" : { "mbid" : "0ab49580-c84f-44d4-875f-d83760ea2cfe",
                "namework" : "Maroon 5",
                "url" : "http://www.last.fm/music/Maroon+5"
              },
            "duration" : "236",
            "image" : [ { "url" : "http://userserve-ak.last.fm/serve/34s/100240805.png",
                  "size" : "small"
                },
                { "url" : "http://userserve-ak.last.fm/serve/64s/100240805.png",
                  "size" : "medium"
                },
                { "url" : "http://userserve-ak.last.fm/serve/126/100240805.png",
                  "size" : "large"
                },
                { "url" : "http://userserve-ak.last.fm/serve/300x300/100240805.png",
                  "size" : "extralarge"
                }
              ],
            "listeners" : "31122",
            "mbid" : "c113e0fe-1f65-45c0-a5b5-31e3ec9ab717",
            "namework" : "Sugar",
            "playcount" : "70275",
            "streamable" : { "url" : "0",
                "fulltrack" : "0"
              },
            "url" : "http://www.last.fm/music/Maroon+5/_/Sugar"
          },
          { "artist" : { "mbid" : "69989475-2971-49aa-8c53-5d74af88b8be",
                "namework" : "Rihanna",
                "url" : "http://www.last.fm/music/Rihanna"
              },
            "duration" : "188",
            "image" : [ { "url" : "http://userserve-ak.last.fm/serve/34s/103132777.png",
                  "size" : "small"
                },
                { "url" : "http://userserve-ak.last.fm/serve/64s/103132777.png",
                  "size" : "medium"
                },
                { "url" : "http://userserve-ak.last.fm/serve/126/103132777.png",
                  "size" : "large"
                },
                { "url" : "http://userserve-ak.last.fm/serve/300x300/103132777.png",
                  "size" : "extralarge"
                }
              ],
            "listeners" : "30090",
            "mbid" : "",
            "namework" : "FourFiveSeconds",
            "playcount" : "75029",
            "streamable" : { "url" : "0",
                "fulltrack" : "0"
              },
            "url" : "http://www.last.fm/music/Rihanna/_/FourFiveSeconds"
          },
          { "artist" : { "mbid" : "2f548675-008d-4332-876c-108b0c7ab9c5",
                "namework" : "Sia",
                "url" : "http://www.last.fm/music/Sia"
              },
            "duration" : "216",
            "image" : [ { "url" : "http://userserve-ak.last.fm/serve/34s/103669447.png",
                  "size" : "small"
                },
                { "url" : "http://userserve-ak.last.fm/serve/64s/103669447.png",
                  "size" : "medium"
                },
                { "url" : "http://userserve-ak.last.fm/serve/126/103669447.png",
                  "size" : "large"
                },
                { "url" : "http://userserve-ak.last.fm/serve/300x300/103669447.png",
                  "size" : "extralarge"
                }
              ],
            "listeners" : "29742",
            "mbid" : "fc65f8d4-6354-48f7-a291-93a35f824d16",
            "namework" : "Chandelier",
            "playcount" : "64015",
            "streamable" : { "url" : "0",
                "fulltrack" : "0"
              },
            "url" : "http://www.last.fm/music/Sia/_/Chandelier"
          },
          { "artist" : { "mbid" : "2f548675-008d-4332-876c-108b0c7ab9c5",
                "namework" : "Sia",
                "url" : "http://www.last.fm/music/Sia"
              },
            "duration" : "252",
            "image" : [ { "url" : "http://userserve-ak.last.fm/serve/34s/103511949.png",
                  "size" : "small"
                },
                { "url" : "http://userserve-ak.last.fm/serve/64s/103511949.png",
                  "size" : "medium"
                },
                { "url" : "http://userserve-ak.last.fm/serve/126/103511949.png",
                  "size" : "large"
                },
                { "url" : "http://userserve-ak.last.fm/serve/300x300/103511949.png",
                  "size" : "extralarge"
                }
              ],
            "listeners" : "26977",
            "mbid" : "eeaedcd9-283d-46e4-a905-99e4802cee35",
            "namework" : "Elastic Heart",
            "playcount" : "65761",
            "streamable" : { "url" : "0",
                "fulltrack" : "0"
              },
            "url" : "http://www.last.fm/music/Sia/_/Elastic+Heart"
          },
          { "artist" : { "mbid" : "33ca19f4-18c8-4411-98df-ac23890ce9f5",
                "namework" : "Ellie Goulding",
                "url" : "http://www.last.fm/music/Ellie+Goulding"
              },
            "duration" : "253",
            "listeners" : "26354",
            "mbid" : "",
            "namework" : "Love Me Like You Do - From \"Fifty Shades Of Grey\"",
            "playcount" : "62963",
            "streamable" : { "url" : "0",
                "fulltrack" : "0"
              },
            "url" : "http://www.last.fm/music/Ellie+Goulding/_/Love+Me+Like+You+Do+-+From+%22Fifty+Shades+Of+Grey%22"
          },
          { "artist" : { "mbid" : "ada7a83c-e3e1-40f1-93f9-3e73dbc9298a",
                "namework" : "Arctic Monkeys",
                "url" : "http://www.last.fm/music/Arctic+Monkeys"
              },
            "duration" : "273",
            "image" : [ { "url" : "http://userserve-ak.last.fm/serve/34s/92744747.png",
                  "size" : "small"
                },
                { "url" : "http://userserve-ak.last.fm/serve/64s/92744747.png",
                  "size" : "medium"
                },
                { "url" : "http://userserve-ak.last.fm/serve/126/92744747.png",
                  "size" : "large"
                },
                { "url" : "http://userserve-ak.last.fm/serve/300x300/92744747.png",
                  "size" : "extralarge"
                }
              ],
            "listeners" : "23605",
            "mbid" : "d889b5f2-5f6d-476e-9e45-28fc2a477f95",
            "namework" : "Do I Wanna Know?",
            "playcount" : "42259",
            "streamable" : { "url" : "0",
                "fulltrack" : "0"
              },
            "url" : "http://www.last.fm/music/Arctic+Monkeys/_/Do+I+Wanna+Know%3F"
          },
          { "artist" : { "mbid" : "5a85c140-dcf9-4dd2-b2c8-aff0471549f3",
                "namework" : "Sam Smith",
                "url" : "http://www.last.fm/music/Sam+Smith"
              },
            "duration" : "173",
            "image" : [ { "url" : "http://userserve-ak.last.fm/serve/34s/103322581.png",
                  "size" : "small"
                },
                { "url" : "http://userserve-ak.last.fm/serve/64s/103322581.png",
                  "size" : "medium"
                },
                { "url" : "http://userserve-ak.last.fm/serve/126/103322581.png",
                  "size" : "large"
                },
                { "url" : "http://userserve-ak.last.fm/serve/300x300/103322581.png",
                  "size" : "extralarge"
                }
              ],
            "listeners" : "23275",
            "mbid" : "40adfe8f-02d9-45a0-a0f1-52cc2c0c0250",
            "namework" : "Stay with Me",
            "playcount" : "43583",
            "streamable" : { "url" : "0",
                "fulltrack" : "0"
              },
            "url" : "http://www.last.fm/music/Sam+Smith/_/Stay+with+Me"
          },
          { "artist" : { "mbid" : "5a85c140-dcf9-4dd2-b2c8-aff0471549f3",
                "namework" : "Sam Smith",
                "url" : "http://www.last.fm/music/Sam+Smith"
              },
            "duration" : "222",
            "image" : [ { "url" : "http://userserve-ak.last.fm/serve/34s/103322581.png",
                  "size" : "small"
                },
                { "url" : "http://userserve-ak.last.fm/serve/64s/103322581.png",
                  "size" : "medium"
                },
                { "url" : "http://userserve-ak.last.fm/serve/126/103322581.png",
                  "size" : "large"
                },
                { "url" : "http://userserve-ak.last.fm/serve/300x300/103322581.png",
                  "size" : "extralarge"
                }
              ],
            "listeners" : "22852",
            "mbid" : "a42033c4-4720-4775-96c6-8f020d3adc2d",
            "namework" : "I'm Not the Only One",
            "playcount" : "48090",
            "streamable" : { "url" : "0",
                "fulltrack" : "0"
              },
            "url" : "http://www.last.fm/music/Sam+Smith/_/I%27m+Not+the+Only+One"
          },
          { "artist" : { "mbid" : "227b39fc-23f6-40f5-b8a1-75100d5baad4",
                "namework" : "Florence + the Machine",
                "url" : "http://www.last.fm/music/Florence+%252B+the+Machine"
              },
            "duration" : "295",
            "image" : [ { "url" : "http://userserve-ak.last.fm/serve/34s/103445627.png",
                  "size" : "small"
                },
                { "url" : "http://userserve-ak.last.fm/serve/64s/103445627.png",
                  "size" : "medium"
                },
                { "url" : "http://userserve-ak.last.fm/serve/126/103445627.png",
                  "size" : "large"
                },
                { "url" : "http://userserve-ak.last.fm/serve/300x300/103445627.png",
                  "size" : "extralarge"
                }
              ],
            "listeners" : "19908",
            "mbid" : "ffcb45c3-7f32-427d-b3d4-287664bbcdb9",
            "namework" : "What Kind of Man",
            "playcount" : "53098",
            "streamable" : { "url" : "0",
                "fulltrack" : "0"
              },
            "url" : "http://www.last.fm/music/Florence+%252B+the+Machine/_/What+Kind+of+Man"
          },
          { "artist" : { "mbid" : "7cf5af7a-afa0-4dca-9473-a13508c64e9d",
                "namework" : "Drake",
                "url" : "http://www.last.fm/music/Drake"
              },
            "duration" : "259",
            "image" : [ { "url" : "http://userserve-ak.last.fm/serve/34s/103796787.png",
                  "size" : "small"
                },
                { "url" : "http://userserve-ak.last.fm/serve/64s/103796787.png",
                  "size" : "medium"
                },
                { "url" : "http://userserve-ak.last.fm/serve/126/103796787.png",
                  "size" : "large"
                },
                { "url" : "http://userserve-ak.last.fm/serve/300x300/103796787.png",
                  "size" : "extralarge"
                }
              ],
            "listeners" : "19460",
            "mbid" : "f079ec11-16b1-4fdc-ad00-95d947f497e8",
            "namework" : "Energy",
            "playcount" : "39521",
            "streamable" : { "url" : "0",
                "fulltrack" : "0"
              },
            "url" : "http://www.last.fm/music/Drake/_/Energy"
          },
          { "artist" : { "mbid" : "164f0d73-1234-4e2c-8743-d77bf2191051",
                "namework" : "Kanye West",
                "url" : "http://www.last.fm/music/Kanye+West"
              },
            "duration" : "311",
            "image" : [ { "url" : "http://userserve-ak.last.fm/serve/34s/103757113.png",
                  "size" : "small"
                },
                { "url" : "http://userserve-ak.last.fm/serve/64s/103757113.png",
                  "size" : "medium"
                },
                { "url" : "http://userserve-ak.last.fm/serve/126/103757113.png",
                  "size" : "large"
                },
                { "url" : "http://userserve-ak.last.fm/serve/300x300/103757113.png",
                  "size" : "extralarge"
                }
              ],
            "listeners" : "19239",
            "mbid" : "",
            "namework" : "All Day",
            "playcount" : "60589",
            "streamable" : { "url" : "0",
                "fulltrack" : "0"
              },
            "url" : "http://www.last.fm/music/Kanye+West/_/All+Day"
          },
          { "artist" : { "mbid" : "012151a8-0f9a-44c9-997f-ebd68b5389f9",
                "namework" : "Imagine Dragons",
                "url" : "http://www.last.fm/music/Imagine+Dragons"
              },
            "duration" : "276",
            "image" : [ { "url" : "http://userserve-ak.last.fm/serve/34s/98394887.png",
                  "size" : "small"
                },
                { "url" : "http://userserve-ak.last.fm/serve/64s/98394887.png",
                  "size" : "medium"
                },
                { "url" : "http://userserve-ak.last.fm/serve/126/98394887.png",
                  "size" : "large"
                },
                { "url" : "http://userserve-ak.last.fm/serve/300x300/98394887.png",
                  "size" : "extralarge"
                }
              ],
            "listeners" : "18276",
            "mbid" : "04495097-38bf-433a-881a-c527a257cd9e",
            "namework" : "Radioactive",
            "playcount" : "30834",
            "streamable" : { "url" : "0",
                "fulltrack" : "0"
              },
            "url" : "http://www.last.fm/music/Imagine+Dragons/_/Radioactive"
          },
          { "artist" : { "mbid" : "ba0e7638-0cd6-4ff4-8987-c3e224d22c23",
                "namework" : "Kygo",
                "url" : "http://www.last.fm/music/Kygo"
              },
            "duration" : "232",
            "image" : [ { "url" : "http://userserve-ak.last.fm/serve/34s/102499767.png",
                  "size" : "small"
                },
                { "url" : "http://userserve-ak.last.fm/serve/64s/102499767.png",
                  "size" : "medium"
                },
                { "url" : "http://userserve-ak.last.fm/serve/126/102499767.png",
                  "size" : "large"
                },
                { "url" : "http://userserve-ak.last.fm/serve/300x300/102499767.png",
                  "size" : "extralarge"
                }
              ],
            "listeners" : "18252",
            "mbid" : "",
            "namework" : "Firestone",
            "playcount" : "35419",
            "streamable" : { "url" : "0",
                "fulltrack" : "0"
              },
            "url" : "http://www.last.fm/music/Kygo/_/Firestone"
          },
          { "artist" : { "mbid" : "8dd98bdc-80ec-4e93-8509-2f46bafc09a7",
                "namework" : "Calvin Harris",
                "url" : "http://www.last.fm/music/Calvin+Harris"
              },
            "duration" : "226",
            "listeners" : "18195",
            "mbid" : "",
            "namework" : "Outside",
            "playcount" : "34596",
            "streamable" : { "url" : "0",
                "fulltrack" : "0"
              },
            "url" : "http://www.last.fm/music/Calvin+Harris/_/Outside"
          },
          { "artist" : { "mbid" : "df36f6db-5987-46ed-9d02-0cf36ed4e060",
                "namework" : "Vance Joy",
                "url" : "http://www.last.fm/music/Vance+Joy"
              },
            "duration" : "204",
            "image" : [ { "url" : "http://userserve-ak.last.fm/serve/34s/100982995.png",
                  "size" : "small"
                },
                { "url" : "http://userserve-ak.last.fm/serve/64s/100982995.png",
                  "size" : "medium"
                },
                { "url" : "http://userserve-ak.last.fm/serve/126/100982995.png",
                  "size" : "large"
                },
                { "url" : "http://userserve-ak.last.fm/serve/300x300/100982995.png",
                  "size" : "extralarge"
                }
              ],
            "listeners" : "17902",
            "mbid" : "8382fe6a-abaf-46c4-8bd7-5d0c87154cac",
            "namework" : "Riptide",
            "playcount" : "32565",
            "streamable" : { "url" : "0",
                "fulltrack" : "0"
              },
            "url" : "http://www.last.fm/music/Vance+Joy/_/Riptide"
          },
          { "artist" : { "mbid" : "d339efbb-77b9-4147-ba9e-59f2f24550b2",
                "namework" : "Kelly Clarkson",
                "url" : "http://www.last.fm/music/Kelly+Clarkson"
              },
            "duration" : "200",
            "image" : [ { "url" : "http://userserve-ak.last.fm/serve/34s/102934421.png",
                  "size" : "small"
                },
                { "url" : "http://userserve-ak.last.fm/serve/64s/102934421.png",
                  "size" : "medium"
                },
                { "url" : "http://userserve-ak.last.fm/serve/126/102934421.png",
                  "size" : "large"
                },
                { "url" : "http://userserve-ak.last.fm/serve/300x300/102934421.png",
                  "size" : "extralarge"
                }
              ],
            "listeners" : "17572",
            "mbid" : "ec0d851d-f491-4e97-84c7-affdbc5fad91",
            "namework" : "Heartbeat Song",
            "playcount" : "41147",
            "streamable" : { "url" : "0",
                "fulltrack" : "0"
              },
            "url" : "http://www.last.fm/music/Kelly+Clarkson/_/Heartbeat+Song"
          },
          { "artist" : { "mbid" : "6a997121-0919-482b-a91b-c6fe1b55a4b9",
                "namework" : "James Bay",
                "url" : "http://www.last.fm/music/James+Bay"
              },
            "duration" : "240",
            "image" : [ { "url" : "http://userserve-ak.last.fm/serve/34s/102406033.png",
                  "size" : "small"
                },
                { "url" : "http://userserve-ak.last.fm/serve/64s/102406033.png",
                  "size" : "medium"
                },
                { "url" : "http://userserve-ak.last.fm/serve/126/102406033.png",
                  "size" : "large"
                },
                { "url" : "http://userserve-ak.last.fm/serve/300x300/102406033.png",
                  "size" : "extralarge"
                }
              ],
            "listeners" : "17522",
            "mbid" : "a4a0783d-8894-416c-ace0-c9008f82042a",
            "namework" : "Hold Back the River",
            "playcount" : "36430",
            "streamable" : { "url" : "0",
                "fulltrack" : "0"
              },
            "url" : "http://www.last.fm/music/James+Bay/_/Hold+Back+the+River"
          }
        ]
    } }
